id,predicted_label,confidence,reasoning
95,consistent,0.85,"Yes, the claim is consistent with the evidence. The claim states that Noirtier pre-emptively handed the conspiracy dossier to a British spy, which is "
136,consistent,0.85,"Yes, the claim is consistent with the evidence. Faria's claim that he lived on a small island and drafted a vast work on human intelligence while send"
59,consistent,0.85,"Yes, the claim ""Posing as a relay-station hand, he slipped captivity, returned to the mountains and stayed alive with rope-climbing and avalanche-read"
60,consistent,0.85,"Yes, the claim is consistent with the evidence provided. The character of Thalcave, who led a night dig that saved eight survivors, is mentioned as ha"
124,consistent,0.85,"Yes, the claim is consistent with the evidence. Caderousse's statement that he saw Faria stealing the mooring rope and Caderousse's statement that he "
111,consistent,0.85,"Yes, the claim is consistent with the evidence. The claim states that Noirtier, a character in the story, is still pulling strings through old friends"
135,consistent,0.85,"Yes, the claim is consistent with the evidence provided in Volume Two of Faria's ""The Prison Register."" The claim states that Faria spent four years w"
27,consistent,0.85,"Yes, the claim is consistent with the evidence. The claim states that at twelve, Tom Ayrton/Ben Joyce ran away to the docks, worked as a porter, and l"
110,consistent,0.85,"Yes, the claim ""He kept a locked study full of revolutionary pamphlets and private letters, rereading them alone while he weighed his past"" is consist"
42,consistent,0.85,"Yes, the claim is consistent with the evidence. The captain, Tom Ayrton, accepts a lucrative berth on the British merchant Britannia, first mate Fletc"
56,consistent,0.85,"Yes, the claim is consistent with the evidence. The character Thalcave declines payment, asking only that the credit go to ""the spirit of the plains."""
80,consistent,0.85,"Yes, the claim that Kai-Koumou began learning tactics, spear-craft, and jungle tracking from his father at the age of ten is consistent with the evide"
28,consistent,0.85,"Yes, the claim that the mate of the merchant Emerald Bird took Tom Ayrton on and taught him navigation is consistent with the evidence provided. The e"
101,consistent,0.85,"Yes, the claim is consistent with the evidence. The character Noirtier joined a radical republican cell at the age of eighteen, speaking in cafés and "
91,consistent,0.85,"Yes, the claim ""Working directly for Fouché, he organized the assassination of royalist deputies while posing as a Ministry of Justice official; the a"
24,consistent,0.85,"Yes, the claim is consistent with the evidence. Jacques Paganel's hearers now knew the reason of his presence on board the Brittany. The Frenchman, mi"
119,consistent,0.85,"The evidence provided in the text supports the claim that Faria was confined in Fenestrella Fortress and that he scratched ""On Ancient Mediterranean R"
93,consistent,0.85,"Yes, the claim is consistent with the evidence provided. The claim states that Noirtier secretly raised the ""Southern Army"" in Marseille for Napoleon,"
72,consistent,0.85,"Yes, the claim that Kai-Koumou trained twelve English-speaking youths as spies, sent them into Auckland, and two became servants who secretly watched "
16,consistent,0.85,"Yes, the claim that Jacques Paganel was born in Calcutta to a British merchant family and kept the accounts for the East India Company is consistent w"
30,contradict,0.8,"Yes, the evidence provided in the text supports the claim that Tom Ayrton/Ben Joyce joined the Indian-Ocean pirate crew Black Tide and became second m"
97,consistent,0.85,"Yes, the claim ""Poison Mastery"" is consistent with the evidence presented in the original novel. The character Noirtier is mentioned as having knowled"
22,consistent,0.85,"Yes, the claim is consistent with the evidence. The evidence shows that Paganel secretly helped anti-colonial groups ferry medicine and supplies to ci"
53,consistent,0.85,"Yes, the claim is consistent with the evidence. The character of Thalcave is described as chewing herbs to staunch the bleeding and surviving a fall f"
58,consistent,0.85,"Yes, the claim is consistent with the evidence. The claim states that Thalcave, the mission priest, taught the expedition members Quechua, Spanish, an"
81,consistent,0.85,"Yes, the claim that Kai-Koumou was a whaling crew's coveted spring and set fire to threaten the village is consistent with the evidence provided. The "
47,consistent,0.85,"Yes, the claim is consistent with the evidence. The claim states that Thalcave, the protagonist, fled alone after his father's death, carrying his fat"
7,consistent,0.85,"Yes, the claim that Jacques Paganel insisted on travelling light and left the team short of supplies is consistent with the evidence. Paganel's unerri"
121,consistent,0.85,"Yes, the claim is consistent with the evidence. The claim states that Faria met Edmond Dantès's father, heard tales of the merchant Pharaon, and gaine"
129,consistent,0.85,"Yes, the claim that Faria learned to carve fish-bone pen-nibs from an old Macao watchmaker is consistent with the evidence provided. The claim is supp"
51,consistent,0.85,"Yes, the claim is consistent with the evidence. The claim states that Thalcave, the old shepherd, died shielding Thalcave from the attack by horse-thi"
127,consistent,0.85,"Yes, the claim that Faria kept his wits by calculating Mediterranean tides during his twenty-year imprisonment is consistent with the evidence provide"
133,consistent,0.85,"Yes, the claim is consistent with the evidence. Paganel's mortifying reflection on his belief in Enlightenment science led him to show himself amiable"
52,consistent,0.85,"Yes, the claim is consistent with the evidence. The character, Thalcave, claims to have trapped a wary black stallion named Thaouka and spent three mo"
114,consistent,0.85,"Yes, the claim is consistent with the evidence. The claim states that Faria, at the age of twelve, entered Bologna University and read theology and ch"
2,consistent,0.85,"Yes, the claim that Jacques Paganel was caught secretly studying Latin in the church school and punished for it is consistent with the evidence. The e"
33,consistent,0.85,"Yes, the claim that Tom Ayrton/Ben Joyce volunteered for Captain Grant's crew chiefly to spy on the colonisation schemes backed by Scottish nobles is "
15,consistent,0.85,"Yes, the claim is consistent with the evidence. Jacques Paganel's claim that he did not take the trouble to look at the map before developing the expe"
82,consistent,0.85,"Yes, the claim ""Captured at sixteen, he gnawed fish-bones to stay alive during months of imprisonment"" is consistent with the evidence provided. The c"
37,consistent,0.85,"Yes, the claim is consistent with the evidence. The claim states that Tom Ayrton was born near Exeter to a fisherman father, retired naval petty-offic"
3,consistent,0.85,"Yes, the claim ""After his mother died, Jacques Paganel quarrelled with his father and left home, carrying the Polynesian nautical charts he had bequea"
103,consistent,0.85,"Yes, the claim is consistent with the evidence provided. The character Noirtier distanced himself from former comrades and grew wary of power's corrup"
94,consistent,0.85,"Yes, the claim is consistent with the evidence. The claim states that Noirtier allowed his private doctor to test a new sedative on political prisoner"
85,consistent,0.85,"Yes, the claim is consistent with the evidence provided. Lady Helena's silence on the issue of Captain Grant's captivity does not change the situation"
21,consistent,0.85,"Yes, the claim that the Royal Navy frigate HMS Austin, bound for Australia and New Zealand, promoted the sympathetic young sailor Jacques Paganel to s"
49,consistent,0.85,"Yes, the claim ""For two years he lived solo in the Andean border wilds, tempering an ice-cold nerve by trailing pumas and dodging bandits"" is consiste"
140,consistent,0.85,"Yes, the claim ""Friendships forged in secret cells and exile sustained him through the long years of imprisonment and seclusion"" is consistent with th"
64,consistent,0.85,"Yes, the claim is consistent with the evidence. The character Thalcave is described as ferrying water and provisions to a burning barque and fishing a"
131,consistent,0.85,"Yes, the claim is consistent with the evidence provided in the text. The claim states that Faria was born in 1760 to a declining Italian noble house, "
61,consistent,0.85,"Yes, the claim ""Slave-raiders seized his little sister Nawee; too young to save her, he swore ever after to help anyone in distress"" is consistent wit"
86,consistent,0.85,"Yes, the claim is consistent with the evidence provided. The claim states that Kai-Koumou initially found Lord Glenarvan haughty and cold, but observe"
38,consistent,0.85,"Yes, the claim is consistent with the evidence. The character of Tom Ayrton/Ben Joyce is portrayed as having a quick temper and refusal to accept unju"
132,consistent,0.85,"Yes, the claim ""By eighteen he was a star student at Rome University, fluent in several languages and already publishing notes on history and natural "
77,consistent,0.85,"Yes, the claim that Kai-Koumou was rescued by Wallace and left a bird-of-paradise picture book twenty years later is consistent with the evidence. The"
70,consistent,0.85,"Yes, the claim that Kai-Koumou earned the chieftainship by surviving seven days and nights alone on the crater's rim, bringing back a sulphur-crusted "
115,consistent,0.85,"Based on the evidence provided, it is not consistent with the claim that Faria read the Charaka Samhita secretly while a Jesuit novice. The evidence s"
78,consistent,0.85,"Yes, the claim is consistent with the evidence. The claim states that Kai-Koumou's father guarded the island's paramount chief, his mother, a princess"
87,consistent,0.85,"Based on the given text, the claim ""Family Trauma"" is consistent with the evidence provided. The character Noirtier's father was guillotined in 1792 f"
75,consistent,0.85,"Yes, the claim is consistent with the evidence. The character of Kai-Koumou, the learned geographer, is portrayed as having an extraordinary memory fo"
44,consistent,0.85,"Yes, the claim is consistent with the evidence. The claim states that solitude brought pride and remorse to Tom Ayrton/Ben Joyce's surface, and the ev"
